Substrate Name	Substrate SMILES	Protein Sequence
Catechol	C1=CC=C(C(=C1)O)O	MVHVRKNHLTMTAEEKRRFVHAVLEIKRRGIYDRFVKLHIQINSTDYLDKETGKRLGHVNPGFLPWHRQYLLKFEQALQKVDPRVTLPYWDWTTDHGENSPLWSDTFMGGNGRPGDRRVMTGPFARRNGWKLNISVIPEGPEDPALNGNYTHDDRDYLVRDFGTLTPDLPTPQELEQTLDLTVYDCPPWNHTSGGTPPYESFRNHLEGYTKFAWEPRLGKLHGAAHVWTGGHMMYIGSPNDPVFFLNHCMIDRCWALWQARHPDVPHYLPTVPTQDVPDLNTPLGPWHTKTPADLLDHTRFYTYDQ
N-(5-Phospho-D-ribosyl)anthranilate	C1=CC=C(C(=C1)C(=O)O)NC2C(C(C(O2)COP(=O)(O)O)O)O	MSVINFTGSSGPLVKVCGLQSTEAAECALDSDADLLGIICVPNRKRTIDPVIARKISSLVKAYKNSSGTPKYLVGVFRNQPKEDVLALVNDYGIDIVQLHGDESWQEYQEFLGLPVIKRLVFPKDCNILLSAASQKPHSFIPLFDSEAGGTGELLDWNSISDWVGRQESPESLHFMLAGGLTPENVGDALRLNGVIGVDVSGGVETNGVKDSNKIANFVKNAKK
L-Arginine	C(CC(C(=O)O)N)CN=C(N)N	MSLGIRYLALLPLFVITACQQPVNYNPPATQVAQVQPAIVNNSWIEISRSALDFNVKKVQSLLGKQSSLCAVLKGDAYGHDLSLVAPIMIENNVKCIGVTNNQELKEVRDLGFKGRLMRVRNATEQEMAQATNYNVEELIGDLDMAKRLDAIAKQQNKVIPIHLALNSGGMSRNGLEVDNKSGLEKAKQISQLANLKVVGIMSHYPEEDANKVREDLARFKQQSQQVLEVMGLERNNVTLHMANTFATITVPESWLDMVRVGGIFYGDTIASTDYKRVMTFKSNIASINYYPKGNTVGYDRTYTLKRDSVLANIPVGYADGYRRVFSNAGHALIAGQRVPVLGKTSMNTVIVDITSLNNIKPGDEVVFFGKQGNSEITAEEIEDISGALFTEMSILWGATNQRVLVD
5'-Methylthioribose-1-phosphate	CSCC1C(C(C(O1)OP(=O)(O)O)O)O	"MTLEAIRYSRGSLQILDQLLLPKQSRYEAVGSVHQAWEAIRAMKVRGAPAIALVGCLSLA
VELQAGAGGPGLAALVAFVRDKLSFLVTARPTAVNMARAARDLADVAAREAEREGATEEA
VRERVICCTEDMLEKDLRDNRSIGDLGARHLLERVAPSGGKVTVLTHCNTGALATAGYGT
ALGVIRSLHSLGRLEHAFCTETRPYNQGARLTAFELVYEQIPATLITDSMVAAAMAHRGV
SAVVVGADRVVANGDTANKVGTYQLAIVAKHHGIPFYVAAPSSSCDLRLETGKEIIIEER
PGQELTDVNGVRIAAPGIGVWNPAFDVTPHDLITGGIITELGVFAPEELRTALTTTISSR
DGTLDGPQM"
5'-Methylthioribulose-1-phosphate	CSCC(C(C(=O)COP(=O)(O)O)O)O	"MSGCDAREGDCCSRRCGAQDKEHPRYLIPELCKQFYHLGWVTGTGGGISLKHGDEIYIAP
SGVQKERIQPEDMFVCDINEKDISGPSPSKKLKKSQCTPLFMNAYTMRGAGAVIHTHSKA
AVMATLLFPGREFKITHQEMIKGIKKCTSGGYYRYDDMLVVPIIENTPEEKDLKDRMAHA
MNEYPDSCAVLVRRHGVYVWGETWEKAKTMCECYDYLFDIAVSMKKVGLDPSQLPVGENG
IV"
4-Methylthio-2-oxobutyrate	CSCCC(=O)C(=O)O	"MAAAALGQIWARKLLSVPWLLCGPRRYASSSFKAADLQLEMTQKPHKKPGPGEPLVFGKT
FTDHMLMVEWNDKGWGQPRIQPFQNLTLHPASSSLHYSLQLFEGMKAFKGKDQQVRLFRP
WLNMDRMLRSAMRLCLPSFDKLELLECIRRLIEVDKDWVPDAAGTSLYVRPVLIGNEPSL
GVSQPTRALLFVILCPVGAYFPGGSVTPVSLLADPAFIRAWVGGVGNYKLGGNYGPTVLV
QQEALKRGCEQVLWLYGPDHQLTEVGTMNIFVYWTHEDGVLELVTPPLNGVILPGVVRQS
LLDMAQTWGEFRVVERTITMKQLLRALEEGRVREVFGSGTACQVCPVHRILYKDRNLHIP
TMENGPELILRFQKELKEIQYGIRAHEWMFPV"
4-Methylthio-2-oxobutyrate	CSCCC(=O)C(=O)O	"MKDCSNGCSAECTGEGGSKEVVGTFKAKDLIVTPATILKEKPDPNNLVFGTVFTDHMLTV
EWSSEFGWEKPHIKPLQNLSLHPGSSALHYAVELFEGLKAFRGVDNKIRLFQPNLNMDRM
YRSAVRATLPVFDKEELLECIQQLVKLDQEWVPYSTSASLYIRPTFIGTEPSLGVKKPTK
ALLFVLLSPVGPYFSSGTFNPVSLWANPKYVRAWKGGTGDCKMGGNYGSSLFAQCEAVDN
GCQQVLWLYGEDHQITEVGTMNLFLYWINEDGEEELATPPLDGIILPGVTRRCILDLAHQ
WGEFKVSERYLTMDDLTTALEGNRVREMFGSGTACVVCPVSDILYKGETIHIPTMENGPK
LASRILSKLTDIQYGREESDWTIVLS"
S-adenosylmethionine	C[S+](CCC(C(=O)[O-])N)CC1C(C(C(O1)N2C=NC3=C(N=CN=C32)N)O)O	"MEAAHFFEGTEKLLEVWFSRQQPDANQGSGDLRTIPRSEWDILLKDVQCSIISVTKTDKQ
EAYVLSESSMFVSKRRFILKTCGTTLLLKALVPLLKLARDYSGFDSIQSFFYSRKNFMKP
SHQGYPHRNFQEEIEFLNAIFPNGAAYCMGRMNSDCWYLYTLDFPESRVISQPDQTLEIL
MSELDPAVMDQFYMKDGVTAKDVTRESGIRDLIPGSVIDATMFNPCGYSMNGMKSDGTYW
TIHITPEPEFSYVSFETNLSQTSYDDLIRKVVEVFKPGKFVTTLFVNQSSKCRTVLASPQ
KIEGFKRLDCQSAMFNDYNFVFTSFAKKQQQQQS"
S-adenosylmethioninamine	C[S+](CCCN)CC1C(C(C(O1)N2C=NC3=C(N=CN=C32)N)O)O	"MNNFGNEEFDCHFLDEGFTAKDILDQKINEVSSSDDKDAFYVADLGDILKKHLRWLKALP
RVTPFYAVKCNDSKAIVKTLAATGTGFDCASKTEIQLVQSLGVPPERIIYANPCKQVSQI
KYAANNGVQMMTFDSEVELMKVARAHPKAKLVLRIATDDSKAVCRLSVKFGATLRTSRLL
LERAKELNIDVVGVSFHVGSGCTDPETFVQAISDARCVFDMGAEVGFSMYLLDIGGGFPG
SEDVKLKFEEITGVINPALDKYFPSDSGVRIIAEPGRYYVASAFTLAVNIIAKKIVLKEQ
TGSDDEDESSEQTFMYYVNDGVYGSFNCILYDHAHVKPLLQKRPKPDEKYYSSSIWGPTC
DGLDRIVERCDLPEMHVGDWMLFENMGAYTVAAASTFNGFQRPTIYYVMSGPAWQLMQQF
QNPDFPPEVEEQDASTLPVSCAWESGMKRHRAACASASINV"
Putrescine	C(CCN)CN	"MNNFGNEEFDCHFLDEGFTAKDILDQKINEVSSSDDKDAFYVADLGDILKKHLRWLKALP
RVTPFYAVKCNDSKAIVKTLAATGTGFDCASKTEIQLVQSLGVPPERIIYANPCKQVSQI
KYAANNGVQMMTFDSEVELMKVARAHPKAKLVLRIATDDSKAVCRLSVKFGATLRTSRLL
LERAKELNIDVVGVSFHVGSGCTDPETFVQAISDARCVFDMGAEVGFSMYLLDIGGGFPG
SEDVKLKFEEITGVINPALDKYFPSDSGVRIIAEPGRYYVASAFTLAVNIIAKKIVLKEQ
TGSDDEDESSEQTFMYYVNDGVYGSFNCILYDHAHVKPLLQKRPKPDEKYYSSSIWGPTC
DGLDRIVERCDLPEMHVGDWMLFENMGAYTVAAASTFNGFQRPTIYYVMSGPAWQLMQQF
QNPDFPPEVEEQDASTLPVSCAWESGMKRHRAACASASINV"